"Problem","Package","File","Priority","Line","Description","Rule set","Rule"
"1","","src\Main.java","4","9","Unused static import 'org.junit.Assert.*'","Code Style","UnnecessaryImport"
"2","","src\Main.java","4","10","Unused import 'org.junit.Test'","Code Style","UnnecessaryImport"
"3","","src\Main.java","4","11","Duplicate import 'services.PasswordPolicyService'","Code Style","UnnecessaryImport"
"4","","src\Main.java","3","13","All classes, interfaces, enums and annotations must belong to a named package","Code Style","NoPackage"
"5","","src\Main.java","4","13","Avoid short class names like Main","Code Style","ShortClassName"
"6","","src\Main.java","3","17","Ensure that resources like this Scanner object are closed after use","Error Prone","CloseResource"
"7","","src\Main.java","3","17","Local variable 'input' could be declared final","Code Style","LocalVariableCouldBeFinal"
"8","","src\Main.java","3","17","Specify a character set instead of relying on the default charset","Best Practices","RelianceOnDefaultCharset"
"9","","src\Main.java","2","23","Usage of System.out/err","Best Practices","SystemPrintln"
"10","","src\Main.java","2","25","Usage of System.out/err","Best Practices","SystemPrintln"
"11","","src\Main.java","2","26","Usage of System.out/err","Best Practices","SystemPrintln"
"12","","src\Main.java","2","27","Usage of System.out/err","Best Practices","SystemPrintln"
"13","","src\Main.java","2","29","Usage of System.out/err","Best Practices","SystemPrintln"
"14","","src\Main.java","3","29","The String literal 'Enter Choice: ' appears 5 times in this file; the first occurrence is on line 29","Error Prone","AvoidDuplicateLiterals"
"15","","src\Main.java","3","35","Switch statements or expressions should be exhaustive, add a default case (or missing enum branches)","Best Practices","NonExhaustiveSwitch"
"16","","src\Main.java","2","56","Usage of System.out/err","Best Practices","SystemPrintln"
"17","","src\Main.java","2","58","Usage of System.out/err","Best Practices","SystemPrintln"
"18","","src\Main.java","2","59","Usage of System.out/err","Best Practices","SystemPrintln"
"19","","src\Main.java","2","60","Usage of System.out/err","Best Practices","SystemPrintln"
"20","","src\Main.java","2","61","Usage of System.out/err","Best Practices","SystemPrintln"
"21","","src\Main.java","2","62","Usage of System.out/err","Best Practices","SystemPrintln"
"22","","src\Main.java","2","64","Usage of System.out/err","Best Practices","SystemPrintln"
"23","","src\Main.java","2","99","Usage of System.out/err","Best Practices","SystemPrintln"
"24","","src\Main.java","3","100","The String literal 'Logging out...' appears 4 times in this file; the first occurrence is on line 100","Error Prone","AvoidDuplicateLiterals"
"25","","src\Main.java","3","104","Assigning an Object to null is a code smell.  Consider refactoring.","Error Prone","NullAssignment"
"26","","src\Main.java","3","106","Assigning an Object to null is a code smell.  Consider refactoring.","Error Prone","NullAssignment"
"27","","src\Main.java","2","112","Usage of System.out/err","Best Practices","SystemPrintln"
"28","","src\Main.java","3","113","The String literal 'Invalid Choice.' appears 4 times in this file; the first occurrence is on line 113","Error Prone","AvoidDuplicateLiterals"
"29","","src\Main.java","2","133","Usage of System.out/err","Best Practices","SystemPrintln"
"30","","src\Main.java","2","135","Usage of System.out/err","Best Practices","SystemPrintln"
"31","","src\Main.java","2","136","Usage of System.out/err","Best Practices","SystemPrintln"
"32","","src\Main.java","2","137","Usage of System.out/err","Best Practices","SystemPrintln"
"33","","src\Main.java","2","138","Usage of System.out/err","Best Practices","SystemPrintln"
"34","","src\Main.java","2","139","Usage of System.out/err","Best Practices","SystemPrintln"
"35","","src\Main.java","2","140","Usage of System.out/err","Best Practices","SystemPrintln"
"36","","src\Main.java","2","141","Usage of System.out/err","Best Practices","SystemPrintln"
"37","","src\Main.java","2","142","Usage of System.out/err","Best Practices","SystemPrintln"
"38","","src\Main.java","2","144","Usage of System.out/err","Best Practices","SystemPrintln"
"39","","src\Main.java","2","195","Usage of System.out/err","Best Practices","SystemPrintln"
"40","","src\Main.java","3","200","Assigning an Object to null is a code smell.  Consider refactoring.","Error Prone","NullAssignment"
"41","","src\Main.java","3","202","Assigning an Object to null is a code smell.  Consider refactoring.","Error Prone","NullAssignment"
"42","","src\Main.java","2","208","Usage of System.out/err","Best Practices","SystemPrintln"
"43","","src\Main.java","2","228","Usage of System.out/err","Best Practices","SystemPrintln"
"44","","src\Main.java","2","230","Usage of System.out/err","Best Practices","SystemPrintln"
"45","","src\Main.java","2","231","Usage of System.out/err","Best Practices","SystemPrintln"
"46","","src\Main.java","2","232","Usage of System.out/err","Best Practices","SystemPrintln"
"47","","src\Main.java","2","233","Usage of System.out/err","Best Practices","SystemPrintln"
"48","","src\Main.java","2","235","Usage of System.out/err","Best Practices","SystemPrintln"
"49","","src\Main.java","2","264","Usage of System.out/err","Best Practices","SystemPrintln"
"50","","src\Main.java","3","269","Assigning an Object to null is a code smell.  Consider refactoring.","Error Prone","NullAssignment"
"51","","src\Main.java","3","271","Assigning an Object to null is a code smell.  Consider refactoring.","Error Prone","NullAssignment"
"52","","src\Main.java","2","277","Usage of System.out/err","Best Practices","SystemPrintln"
"53","","src\Main.java","2","298","Usage of System.out/err","Best Practices","SystemPrintln"
"54","","src\Main.java","2","302","Usage of System.out/err","Best Practices","SystemPrintln"
"55","","src\Main.java","2","306","Usage of System.out/err","Best Practices","SystemPrintln"
"56","","src\Main.java","2","310","Usage of System.out/err","Best Practices","SystemPrintln"
"57","","src\Main.java","2","314","Usage of System.out/err","Best Practices","SystemPrintln"
"58","","src\Main.java","2","339","Usage of System.out/err","Best Practices","SystemPrintln"
"59","","src\Main.java","3","344","Assigning an Object to null is a code smell.  Consider refactoring.","Error Prone","NullAssignment"
"60","","src\Main.java","3","346","Assigning an Object to null is a code smell.  Consider refactoring.","Error Prone","NullAssignment"
"61","","src\Main.java","2","352","Usage of System.out/err","Best Practices","SystemPrintln"
"1","Test","src\Test\FuzzingTestTemplate.java","3","1","Package name contains upper case characters","Code Style","PackageCase"
"2","Test","src\Test\FuzzingTestTemplate.java","3","9","Parameter 'data' is not assigned and could be declared final","Code Style","MethodArgumentCouldBeFinal"
"3","Test","src\Test\FuzzingTestTemplate.java","3","11","Local variable 'password' could be declared final","Code Style","LocalVariableCouldBeFinal"
"1","Test","src\Test\LoginTest.java","3","1","Package name contains upper case characters","Code Style","PackageCase"
"2","Test","src\Test\LoginTest.java","3","9","Each class should declare at least one constructor","Code Style","AtLeastOneConstructor"
"3","Test","src\Test\LoginTest.java","3","14","Local variable 'hash' could be declared final","Code Style","LocalVariableCouldBeFinal"
"4","Test","src\Test\LoginTest.java","3","16","The String literal 'Rama@123' appears 6 times in this file; the first occurrence is on line 16","Error Prone","AvoidDuplicateLiterals"
"5","Test","src\Test\LoginTest.java","3","21","The String literal '123' appears 6 times in this file; the first occurrence is on line 21","Error Prone","AvoidDuplicateLiterals"
"6","Test","src\Test\LoginTest.java","3","33","Local variable 'hash' could be declared final","Code Style","LocalVariableCouldBeFinal"
"7","Test","src\Test\LoginTest.java","3","52","Local variable 'hash' could be declared final","Code Style","LocalVariableCouldBeFinal"
"8","Test","src\Test\LoginTest.java","3","71","Local variable 'hash' could be declared final","Code Style","LocalVariableCouldBeFinal"
"1","Test","src\Test\PasswordHasherTest.java","3","1","Package name contains upper case characters","Code Style","PackageCase"
"2","Test","src\Test\PasswordHasherTest.java","3","6","Each class should declare at least one constructor","Code Style","AtLeastOneConstructor"
"3","Test","src\Test\PasswordHasherTest.java","3","11","Local variable 'hash' could be declared final","Code Style","LocalVariableCouldBeFinal"
"4","Test","src\Test\PasswordHasherTest.java","3","13","The String literal 'Admin@123' appears 6 times in this file; the first occurrence is on line 13","Error Prone","AvoidDuplicateLiterals"
"5","Test","src\Test\PasswordHasherTest.java","3","23","Local variable 'hash1' could be declared final","Code Style","LocalVariableCouldBeFinal"
"6","Test","src\Test\PasswordHasherTest.java","3","28","Local variable 'hash2' could be declared final","Code Style","LocalVariableCouldBeFinal"
"7","Test","src\Test\PasswordHasherTest.java","3","40","Local variable 'hash1' could be declared final","Code Style","LocalVariableCouldBeFinal"
"8","Test","src\Test\PasswordHasherTest.java","3","45","Local variable 'hash2' could be declared final","Code Style","LocalVariableCouldBeFinal"
"9","Test","src\Test\PasswordHasherTest.java","3","57","Local variable 'hash' could be declared final","Code Style","LocalVariableCouldBeFinal"
"10","Test","src\Test\PasswordHasherTest.java","3","69","Local variable 'hash' could be declared final","Code Style","LocalVariableCouldBeFinal"
"1","Test","src\Test\PasswordPolicyServiceTest.java","3","2","Package name contains upper case characters","Code Style","PackageCase"
"2","Test","src\Test\PasswordPolicyServiceTest.java","3","7","Each class should declare at least one constructor","Code Style","AtLeastOneConstructor"
"1","Test","src\Test\ShipmentTest.java","3","1","Package name contains upper case characters","Code Style","PackageCase"
"2","Test","src\Test\ShipmentTest.java","3","8","Each class should declare at least one constructor","Code Style","AtLeastOneConstructor"
"3","Test","src\Test\ShipmentTest.java","3","16","The String literal '123' appears 4 times in this file; the first occurrence is on line 16","Error Prone","AvoidDuplicateLiterals"
"1","models","src\models\Admin.java","3","5","Parameter 'name' is not assigned and could be declared final","Code Style","MethodArgumentCouldBeFinal"
"2","models","src\models\Admin.java","3","6","Avoid variables with short names like id","Code Style","ShortVariable"
"3","models","src\models\Admin.java","3","6","Parameter 'id' is not assigned and could be declared final","Code Style","MethodArgumentCouldBeFinal"
"4","models","src\models\Admin.java","3","7","Parameter 'phone' is not assigned and could be declared final","Code Style","MethodArgumentCouldBeFinal"
"5","models","src\models\Admin.java","3","8","Parameter 'passwordHash' is not assigned and could be declared final","Code Style","MethodArgumentCouldBeFinal"
"6","models","src\models\Admin.java","3","9","Parameter 'locked' is not assigned and could be declared final","Code Style","MethodArgumentCouldBeFinal"
"7","models","src\models\Admin.java","3","10","Parameter 'failedAttempts' is not assigned and could be declared final","Code Style","MethodArgumentCouldBeFinal"
"1","models","src\models\Customer.java","3","5","Parameter 'name' is not assigned and could be declared final","Code Style","MethodArgumentCouldBeFinal"
"2","models","src\models\Customer.java","3","6","Avoid variables with short names like id","Code Style","ShortVariable"
"3","models","src\models\Customer.java","3","6","Parameter 'id' is not assigned and could be declared final","Code Style","MethodArgumentCouldBeFinal"
"4","models","src\models\Customer.java","3","7","Parameter 'phone' is not assigned and could be declared final","Code Style","MethodArgumentCouldBeFinal"
"5","models","src\models\Customer.java","3","8","Parameter 'passwordHash' is not assigned and could be declared final","Code Style","MethodArgumentCouldBeFinal"
"6","models","src\models\Customer.java","3","9","Parameter 'locked' is not assigned and could be declared final","Code Style","MethodArgumentCouldBeFinal"
"7","models","src\models\Customer.java","3","10","Parameter 'failedAttempts' is not assigned and could be declared final","Code Style","MethodArgumentCouldBeFinal"
"1","models","src\models\DeliveryPersonnel.java","3","5","Parameter 'name' is not assigned and could be declared final","Code Style","MethodArgumentCouldBeFinal"
"2","models","src\models\DeliveryPersonnel.java","3","6","Avoid variables with short names like id","Code Style","ShortVariable"
"3","models","src\models\DeliveryPersonnel.java","3","6","Parameter 'id' is not assigned and could be declared final","Code Style","MethodArgumentCouldBeFinal"
"4","models","src\models\DeliveryPersonnel.java","3","7","Parameter 'phone' is not assigned and could be declared final","Code Style","MethodArgumentCouldBeFinal"
"5","models","src\models\DeliveryPersonnel.java","3","8","Parameter 'passwordHash' is not assigned and could be declared final","Code Style","MethodArgumentCouldBeFinal"
"6","models","src\models\DeliveryPersonnel.java","3","9","Parameter 'locked' is not assigned and could be declared final","Code Style","MethodArgumentCouldBeFinal"
"7","models","src\models\DeliveryPersonnel.java","3","10","Parameter 'failedAttempts' is not assigned and could be declared final","Code Style","MethodArgumentCouldBeFinal"
"1","models","src\models\Dispatcher.java","3","5","Parameter 'name' is not assigned and could be declared final","Code Style","MethodArgumentCouldBeFinal"
"2","models","src\models\Dispatcher.java","3","6","Avoid variables with short names like id","Code Style","ShortVariable"
"3","models","src\models\Dispatcher.java","3","6","Parameter 'id' is not assigned and could be declared final","Code Style","MethodArgumentCouldBeFinal"
"4","models","src\models\Dispatcher.java","3","7","Parameter 'phone' is not assigned and could be declared final","Code Style","MethodArgumentCouldBeFinal"
"5","models","src\models\Dispatcher.java","3","8","Parameter 'passwordHash' is not assigned and could be declared final","Code Style","MethodArgumentCouldBeFinal"
"6","models","src\models\Dispatcher.java","3","9","Parameter 'locked' is not assigned and could be declared final","Code Style","MethodArgumentCouldBeFinal"
"7","models","src\models\Dispatcher.java","3","10","Parameter 'failedAttempts' is not assigned and could be declared final","Code Style","MethodArgumentCouldBeFinal"
"1","models","src\models\Shipment.java","3","16","Parameter 'shipmentId' is not assigned and could be declared final","Code Style","MethodArgumentCouldBeFinal"
"2","models","src\models\Shipment.java","3","17","Parameter 'customerId' is not assigned and could be declared final","Code Style","MethodArgumentCouldBeFinal"
"3","models","src\models\Shipment.java","3","18","Parameter 'source' is not assigned and could be declared final","Code Style","MethodArgumentCouldBeFinal"
"4","models","src\models\Shipment.java","3","19","Parameter 'destination' is not assigned and could be declared final","Code Style","MethodArgumentCouldBeFinal"
"5","models","src\models\Shipment.java","3","20","Parameter 'status' is not assigned and could be declared final","Code Style","MethodArgumentCouldBeFinal"
"6","models","src\models\Shipment.java","3","21","Parameter 'assignedDriver' is not assigned and could be declared final","Code Style","MethodArgumentCouldBeFinal"
"7","models","src\models\Shipment.java","3","36","Parameter 'shipmentId' is not assigned and could be declared final","Code Style","MethodArgumentCouldBeFinal"
"8","models","src\models\Shipment.java","3","44","Parameter 'customerId' is not assigned and could be declared final","Code Style","MethodArgumentCouldBeFinal"
"9","models","src\models\Shipment.java","3","52","Parameter 'source' is not assigned and could be declared final","Code Style","MethodArgumentCouldBeFinal"
"10","models","src\models\Shipment.java","3","60","Parameter 'destination' is not assigned and could be declared final","Code Style","MethodArgumentCouldBeFinal"
"11","models","src\models\Shipment.java","3","68","Parameter 'status' is not assigned and could be declared final","Code Style","MethodArgumentCouldBeFinal"
"12","models","src\models\Shipment.java","3","76","Parameter 'assignedDriver' is not assigned and could be declared final","Code Style","MethodArgumentCouldBeFinal"
"1","models","src\models\User.java","4","3","Avoid short class names like User","Code Style","ShortClassName"
"2","models","src\models\User.java","3","6","Avoid variables with short names like id","Code Style","ShortVariable"
"3","models","src\models\User.java","3","12","Parameter 'name' is not assigned and could be declared final","Code Style","MethodArgumentCouldBeFinal"
"4","models","src\models\User.java","3","13","Avoid variables with short names like id","Code Style","ShortVariable"
"5","models","src\models\User.java","3","13","Parameter 'id' is not assigned and could be declared final","Code Style","MethodArgumentCouldBeFinal"
"6","models","src\models\User.java","3","14","Parameter 'phone' is not assigned and could be declared final","Code Style","MethodArgumentCouldBeFinal"
"7","models","src\models\User.java","3","15","Parameter 'passwordHash' is not assigned and could be declared final","Code Style","MethodArgumentCouldBeFinal"
"8","models","src\models\User.java","3","16","Parameter 'locked' is not assigned and could be declared final","Code Style","MethodArgumentCouldBeFinal"
"9","models","src\models\User.java","3","17","Parameter 'failedAttempts' is not assigned and could be declared final","Code Style","MethodArgumentCouldBeFinal"
"10","models","src\models\User.java","3","32","Parameter 'name' is not assigned and could be declared final","Code Style","MethodArgumentCouldBeFinal"
"11","models","src\models\User.java","3","40","Avoid variables with short names like id","Code Style","ShortVariable"
"12","models","src\models\User.java","3","40","Parameter 'id' is not assigned and could be declared final","Code Style","MethodArgumentCouldBeFinal"
"13","models","src\models\User.java","3","48","Parameter 'phone' is not assigned and could be declared final","Code Style","MethodArgumentCouldBeFinal"
"14","models","src\models\User.java","3","56","Parameter 'passwordHash' is not assigned and could be declared final","Code Style","MethodArgumentCouldBeFinal"
"15","models","src\models\User.java","3","64","Parameter 'locked' is not assigned and could be declared final","Code Style","MethodArgumentCouldBeFinal"
"16","models","src\models\User.java","3","72","Parameter 'failedAttempts' is not assigned and could be declared final","Code Style","MethodArgumentCouldBeFinal"
"1","","src\s.java","3","1","All classes, interfaces, enums and annotations must belong to a named package","Code Style","NoPackage"
"2","","src\s.java","4","1","Avoid short class names like s","Code Style","ShortClassName"
"3","","src\s.java","1","1","The class name 's' doesn't match '[A-Z][a-zA-Z0-9]*'","Code Style","ClassNamingConventions"
"4","","src\s.java","2","3","Usage of System.out/err","Best Practices","SystemPrintln"
"1","security","src\security\PasswordHasher.java","3","8","Parameter 'password' is not assigned and could be declared final","Code Style","MethodArgumentCouldBeFinal"
"2","security","src\security\PasswordHasher.java","3","12","Avoid variables with short names like md","Code Style","ShortVariable"
"3","security","src\security\PasswordHasher.java","3","12","Local variable 'md' could be declared final","Code Style","LocalVariableCouldBeFinal"
"4","security","src\security\PasswordHasher.java","3","15","Local variable 'hashedBytes' could be declared final","Code Style","LocalVariableCouldBeFinal"
"5","security","src\security\PasswordHasher.java","3","16","Specify a character set instead of relying on the default charset","Best Practices","RelianceOnDefaultCharset"
"6","security","src\security\PasswordHasher.java","3","18","Avoid variables with short names like sb","Code Style","ShortVariable"
"7","security","src\security\PasswordHasher.java","3","18","Local variable 'sb' could be declared final","Code Style","LocalVariableCouldBeFinal"
"8","security","src\security\PasswordHasher.java","3","20","Local variable 'b' could be declared final","Code Style","LocalVariableCouldBeFinal"
"9","security","src\security\PasswordHasher.java","3","28","A method should have only one exit point, and that should be the last statement in the method","Code Style","OnlyOneReturn"
"10","security","src\security\PasswordHasher.java","2","34","Usage of System.out/err","Best Practices","SystemPrintln"
"1","security","src\security\SystemLogger.java","1","13","Missorted modifiers `final static`.","Code Style","ModifierOrder"
"2","security","src\security\SystemLogger.java","3","13","Missing commented default access modifier on field 'LOGGER'","Code Style","CommentDefaultAccessModifier"
"3","security","src\security\SystemLogger.java","3","22","Avoid variables with short names like fh","Code Style","ShortVariable"
"4","security","src\security\SystemLogger.java","3","22","Local variable 'fh' could be declared final","Code Style","LocalVariableCouldBeFinal"
"5","security","src\security\SystemLogger.java","3","38","Local variable 'formatter' could be declared final","Code Style","LocalVariableCouldBeFinal"
"6","security","src\security\SystemLogger.java","2","51","Usage of System.out/err","Best Practices","SystemPrintln"
"7","security","src\security\SystemLogger.java","3","56","'catch' branch identical to 'IOException' branch","Code Style","IdenticalCatchBranches"
"8","security","src\security\SystemLogger.java","2","58","Usage of System.out/err","Best Practices","SystemPrintln"
"9","security","src\security\SystemLogger.java","3","65","Parameter 'msg' is not assigned and could be declared final","Code Style","MethodArgumentCouldBeFinal"
"10","security","src\security\SystemLogger.java","3","72","Parameter 'msg' is not assigned and could be declared final","Code Style","MethodArgumentCouldBeFinal"
"11","security","src\security\SystemLogger.java","3","72","Avoid variables with short names like e","Code Style","ShortVariable"
"12","security","src\security\SystemLogger.java","3","72","Parameter 'e' is not assigned and could be declared final","Code Style","MethodArgumentCouldBeFinal"
"1","services","src\services\AdminService.java","3","18","Ensure that resources like this Scanner object are closed after use","Error Prone","CloseResource"
"2","services","src\services\AdminService.java","3","18","Local variable 'input' could be declared final","Code Style","LocalVariableCouldBeFinal"
"3","services","src\services\AdminService.java","3","18","Specify a character set instead of relying on the default charset","Best Practices","RelianceOnDefaultCharset"
"4","services","src\services\AdminService.java","3","20","The String literal 'admin' appears 6 times in this file; the first occurrence is on line 20","Error Prone","AvoidDuplicateLiterals"
"5","services","src\services\AdminService.java","3","23","The String literal 'Access Denied.' appears 6 times in this file; the first occurrence is on line 23","Error Prone","AvoidDuplicateLiterals"
"6","services","src\services\AdminService.java","2","28","Usage of System.out/err","Best Practices","SystemPrintln"
"7","services","src\services\AdminService.java","3","30","Local variable 'name' could be declared final","Code Style","LocalVariableCouldBeFinal"
"8","services","src\services\AdminService.java","2","33","Usage of System.out/err","Best Practices","SystemPrintln"
"9","services","src\services\AdminService.java","3","35","Avoid variables with short names like id","Code Style","ShortVariable"
"10","services","src\services\AdminService.java","3","35","Local variable 'id' could be declared final","Code Style","LocalVariableCouldBeFinal"
"11","services","src\services\AdminService.java","2","38","Usage of System.out/err","Best Practices","SystemPrintln"
"12","services","src\services\AdminService.java","3","40","Local variable 'phone' could be declared final","Code Style","LocalVariableCouldBeFinal"
"13","services","src\services\AdminService.java","2","48","Usage of System.out/err","Best Practices","SystemPrintln"
"14","services","src\services\AdminService.java","2","56","Usage of System.out/err","Best Practices","SystemPrintln"
"15","services","src\services\AdminService.java","3","68","Local variable 'hashedPassword' could be declared final","Code Style","LocalVariableCouldBeFinal"
"16","services","src\services\AdminService.java","3","75","Avoid variables with short names like br","Code Style","ShortVariable"
"17","services","src\services\AdminService.java","3","75","Ensure that resources like this BufferedReader object are closed after use","Error Prone","CloseResource"
"18","services","src\services\AdminService.java","3","75","Local variable 'br' could be declared final","Code Style","LocalVariableCouldBeFinal"
"19","services","src\services\AdminService.java","3","77","Specify a character set instead of relying on the default charset","Best Practices","RelianceOnDefaultCharset"
"20","services","src\services\AdminService.java","3","78","The String literal 'data/users.txt' appears 10 times in this file; the first occurrence is on line 78","Error Prone","AvoidDuplicateLiterals"
"21","services","src\services\AdminService.java","3","85","Avoid assignment to line in operand","Error Prone","AssignmentInOperand"
"22","services","src\services\AdminService.java","3","87","Local variable 'data' could be declared final","Code Style","LocalVariableCouldBeFinal"
"23","services","src\services\AdminService.java","3","91","Avoid using literals such as 7 in if statements","Error Prone","AvoidLiteralsInIfCondition"
"24","services","src\services\AdminService.java","2","99","Usage of System.out/err","Best Practices","SystemPrintln"
"25","services","src\services\AdminService.java","3","113","Avoid variables with short names like fw","Code Style","ShortVariable"
"26","services","src\services\AdminService.java","3","113","Ensure that resources like this FileWriter object are closed after use","Error Prone","CloseResource"
"27","services","src\services\AdminService.java","3","113","Local variable 'fw' could be declared final","Code Style","LocalVariableCouldBeFinal"
"28","services","src\services\AdminService.java","3","114","Specify a character set instead of relying on the default charset","Best Practices","RelianceOnDefaultCharset"
"29","services","src\services\AdminService.java","2","131","Usage of System.out/err","Best Practices","SystemPrintln"
"30","services","src\services\AdminService.java","2","144","Usage of System.out/err","Best Practices","SystemPrintln"
"31","services","src\services\AdminService.java","3","162","Ensure that resources like this Scanner object are closed after use","Error Prone","CloseResource"
"32","services","src\services\AdminService.java","3","162","Local variable 'input' could be declared final","Code Style","LocalVariableCouldBeFinal"
"33","services","src\services\AdminService.java","3","162","Specify a character set instead of relying on the default charset","Best Practices","RelianceOnDefaultCharset"
"34","services","src\services\AdminService.java","2","173","Usage of System.out/err","Best Practices","SystemPrintln"
"35","services","src\services\AdminService.java","3","175","Local variable 'name' could be declared final","Code Style","LocalVariableCouldBeFinal"
"36","services","src\services\AdminService.java","2","178","Usage of System.out/err","Best Practices","SystemPrintln"
"37","services","src\services\AdminService.java","3","180","Avoid variables with short names like id","Code Style","ShortVariable"
"38","services","src\services\AdminService.java","3","180","Local variable 'id' could be declared final","Code Style","LocalVariableCouldBeFinal"
"39","services","src\services\AdminService.java","2","183","Usage of System.out/err","Best Practices","SystemPrintln"
"40","services","src\services\AdminService.java","3","185","Local variable 'phone' could be declared final","Code Style","LocalVariableCouldBeFinal"
"41","services","src\services\AdminService.java","2","193","Usage of System.out/err","Best Practices","SystemPrintln"
"42","services","src\services\AdminService.java","2","201","Usage of System.out/err","Best Practices","SystemPrintln"
"43","services","src\services\AdminService.java","3","213","Local variable 'hashedPassword' could be declared final","Code Style","LocalVariableCouldBeFinal"
"44","services","src\services\AdminService.java","3","220","Avoid variables with short names like br","Code Style","ShortVariable"
"45","services","src\services\AdminService.java","3","220","Ensure that resources like this BufferedReader object are closed after use","Error Prone","CloseResource"
"46","services","src\services\AdminService.java","3","220","Local variable 'br' could be declared final","Code Style","LocalVariableCouldBeFinal"
"47","services","src\services\AdminService.java","3","222","Specify a character set instead of relying on the default charset","Best Practices","RelianceOnDefaultCharset"
"48","services","src\services\AdminService.java","3","230","Avoid assignment to line in operand","Error Prone","AssignmentInOperand"
"49","services","src\services\AdminService.java","3","232","Local variable 'data' could be declared final","Code Style","LocalVariableCouldBeFinal"
"50","services","src\services\AdminService.java","3","236","Avoid using literals such as 7 in if statements","Error Prone","AvoidLiteralsInIfCondition"
"51","services","src\services\AdminService.java","2","244","Usage of System.out/err","Best Practices","SystemPrintln"
"52","services","src\services\AdminService.java","3","258","Avoid variables with short names like fw","Code Style","ShortVariable"
"53","services","src\services\AdminService.java","3","258","Ensure that resources like this FileWriter object are closed after use","Error Prone","CloseResource"
"54","services","src\services\AdminService.java","3","258","Local variable 'fw' could be declared final","Code Style","LocalVariableCouldBeFinal"
"55","services","src\services\AdminService.java","3","259","Specify a character set instead of relying on the default charset","Best Practices","RelianceOnDefaultCharset"
"56","services","src\services\AdminService.java","2","276","Usage of System.out/err","Best Practices","SystemPrintln"
"57","services","src\services\AdminService.java","2","289","Usage of System.out/err","Best Practices","SystemPrintln"
"58","services","src\services\AdminService.java","3","290","The String literal 'Users file not found.' appears 4 times in this file; the first occurrence is on line 290","Error Prone","AvoidDuplicateLiterals"
"59","services","src\services\AdminService.java","3","294","The String literal 'Users file missing' appears 4 times in this file; the first occurrence is on line 294","Error Prone","AvoidDuplicateLiterals"
"60","services","src\services\AdminService.java","2","302","Usage of System.out/err","Best Practices","SystemPrintln"
"61","services","src\services\AdminService.java","3","318","Ensure that resources like this Scanner object are closed after use","Error Prone","CloseResource"
"62","services","src\services\AdminService.java","3","318","Local variable 'input' could be declared final","Code Style","LocalVariableCouldBeFinal"
"63","services","src\services\AdminService.java","3","318","Specify a character set instead of relying on the default charset","Best Practices","RelianceOnDefaultCharset"
"64","services","src\services\AdminService.java","2","327","Usage of System.out/err","Best Practices","SystemPrintln"
"65","services","src\services\AdminService.java","3","329","Local variable 'enteredId' could be declared final","Code Style","LocalVariableCouldBeFinal"
"66","services","src\services\AdminService.java","3","333","Avoid variables with short names like br","Code Style","ShortVariable"
"67","services","src\services\AdminService.java","3","333","Ensure that resources like this BufferedReader object are closed after use","Error Prone","CloseResource"
"68","services","src\services\AdminService.java","3","333","Local variable 'br' could be declared final","Code Style","LocalVariableCouldBeFinal"
"69","services","src\services\AdminService.java","3","333","Specify a character set instead of relying on the default charset","Best Practices","RelianceOnDefaultCharset"
"70","services","src\services\AdminService.java","3","335","Local variable 'updatedFile' could be declared final","Code Style","LocalVariableCouldBeFinal"
"71","services","src\services\AdminService.java","3","342","Avoid assignment to line in operand","Error Prone","AssignmentInOperand"
"72","services","src\services\AdminService.java","3","344","Local variable 'data' could be declared final","Code Style","LocalVariableCouldBeFinal"
"73","services","src\services\AdminService.java","3","347","Avoid using literals such as 7 in if statements","Error Prone","AvoidLiteralsInIfCondition"
"74","services","src\services\AdminService.java","3","353","Local variable 'role' could be declared final","Code Style","LocalVariableCouldBeFinal"
"75","services","src\services\AdminService.java","3","355","Local variable 'storedId' could be declared final","Code Style","LocalVariableCouldBeFinal"
"76","services","src\services\AdminService.java","3","361","Position literals first in String comparisons","Best Practices","LiteralsFirstInComparisons"
"77","services","src\services\AdminService.java","3","363","Position literals first in String comparisons","Best Practices","LiteralsFirstInComparisons"
"78","services","src\services\AdminService.java","3","380","Avoid variables with short names like fw","Code Style","ShortVariable"
"79","services","src\services\AdminService.java","3","380","Ensure that resources like this FileWriter object are closed after use","Error Prone","CloseResource"
"80","services","src\services\AdminService.java","3","380","Local variable 'fw' could be declared final","Code Style","LocalVariableCouldBeFinal"
"81","services","src\services\AdminService.java","3","380","Specify a character set instead of relying on the default charset","Best Practices","RelianceOnDefaultCharset"
"82","services","src\services\AdminService.java","2","388","Usage of System.out/err","Best Practices","SystemPrintln"
"83","services","src\services\AdminService.java","2","396","Usage of System.out/err","Best Practices","SystemPrintln"
"84","services","src\services\AdminService.java","2","404","Usage of System.out/err","Best Practices","SystemPrintln"
"85","services","src\services\AdminService.java","3","410","Avoid catching NullPointerException in try-catch block","Error Prone","AvoidCatchingGenericException"
"86","services","src\services\AdminService.java","3","410","Avoid catching NullPointerException; consider removing the cause of the NPE.","Error Prone","AvoidCatchingNPE"
"87","services","src\services\AdminService.java","2","412","Usage of System.out/err","Best Practices","SystemPrintln"
"88","services","src\services\AdminService.java","2","420","Usage of System.out/err","Best Practices","SystemPrintln"
"89","services","src\services\AdminService.java","2","428","Usage of System.out/err","Best Practices","SystemPrintln"
"90","services","src\services\AdminService.java","3","439","Ensure that resources like this Scanner object are closed after use","Error Prone","CloseResource"
"91","services","src\services\AdminService.java","3","439","Local variable 'input' could be declared final","Code Style","LocalVariableCouldBeFinal"
"92","services","src\services\AdminService.java","3","439","Specify a character set instead of relying on the default charset","Best Practices","RelianceOnDefaultCharset"
"93","services","src\services\AdminService.java","2","450","Usage of System.out/err","Best Practices","SystemPrintln"
"94","services","src\services\AdminService.java","3","452","Local variable 'enteredId' could be declared final","Code Style","LocalVariableCouldBeFinal"
"95","services","src\services\AdminService.java","3","457","Avoid variables with short names like br","Code Style","ShortVariable"
"96","services","src\services\AdminService.java","3","457","Ensure that resources like this BufferedReader object are closed after use","Error Prone","CloseResource"
"97","services","src\services\AdminService.java","3","457","Local variable 'br' could be declared final","Code Style","LocalVariableCouldBeFinal"
"98","services","src\services\AdminService.java","3","459","Specify a character set instead of relying on the default charset","Best Practices","RelianceOnDefaultCharset"
"99","services","src\services\AdminService.java","3","464","Local variable 'updatedFile' could be declared final","Code Style","LocalVariableCouldBeFinal"
"100","services","src\services\AdminService.java","3","472","Avoid assignment to line in operand","Error Prone","AssignmentInOperand"
"101","services","src\services\AdminService.java","3","474","Local variable 'data' could be declared final","Code Style","LocalVariableCouldBeFinal"
"102","services","src\services\AdminService.java","3","478","Avoid using literals such as 7 in if statements","Error Prone","AvoidLiteralsInIfCondition"
"103","services","src\services\AdminService.java","3","504","Avoid variables with short names like fw","Code Style","ShortVariable"
"104","services","src\services\AdminService.java","3","504","Ensure that resources like this FileWriter object are closed after use","Error Prone","CloseResource"
"105","services","src\services\AdminService.java","3","504","Local variable 'fw' could be declared final","Code Style","LocalVariableCouldBeFinal"
"106","services","src\services\AdminService.java","3","505","Specify a character set instead of relying on the default charset","Best Practices","RelianceOnDefaultCharset"
"107","services","src\services\AdminService.java","2","517","Usage of System.out/err","Best Practices","SystemPrintln"
"108","services","src\services\AdminService.java","2","530","Usage of System.out/err","Best Practices","SystemPrintln"
"109","services","src\services\AdminService.java","2","540","Usage of System.out/err","Best Practices","SystemPrintln"
"110","services","src\services\AdminService.java","2","553","Usage of System.out/err","Best Practices","SystemPrintln"
"111","services","src\services\AdminService.java","3","569","Ensure that resources like this Scanner object are closed after use","Error Prone","CloseResource"
"112","services","src\services\AdminService.java","3","569","Local variable 'input' could be declared final","Code Style","LocalVariableCouldBeFinal"
"113","services","src\services\AdminService.java","3","569","Specify a character set instead of relying on the default charset","Best Practices","RelianceOnDefaultCharset"
"114","services","src\services\AdminService.java","2","580","Usage of System.out/err","Best Practices","SystemPrintln"
"115","services","src\services\AdminService.java","3","582","Local variable 'enteredId' could be declared final","Code Style","LocalVariableCouldBeFinal"
"116","services","src\services\AdminService.java","3","587","Avoid variables with short names like br","Code Style","ShortVariable"
"117","services","src\services\AdminService.java","3","587","Ensure that resources like this BufferedReader object are closed after use","Error Prone","CloseResource"
"118","services","src\services\AdminService.java","3","587","Local variable 'br' could be declared final","Code Style","LocalVariableCouldBeFinal"
"119","services","src\services\AdminService.java","3","589","Specify a character set instead of relying on the default charset","Best Practices","RelianceOnDefaultCharset"
"120","services","src\services\AdminService.java","3","594","Local variable 'updatedFile' could be declared final","Code Style","LocalVariableCouldBeFinal"
"121","services","src\services\AdminService.java","3","602","Avoid assignment to line in operand","Error Prone","AssignmentInOperand"
"122","services","src\services\AdminService.java","3","604","Local variable 'data' could be declared final","Code Style","LocalVariableCouldBeFinal"
"123","services","src\services\AdminService.java","3","608","Avoid using literals such as 7 in if statements","Error Prone","AvoidLiteralsInIfCondition"
"124","services","src\services\AdminService.java","3","634","Avoid variables with short names like fw","Code Style","ShortVariable"
"125","services","src\services\AdminService.java","3","634","Ensure that resources like this FileWriter object are closed after use","Error Prone","CloseResource"
"126","services","src\services\AdminService.java","3","634","Local variable 'fw' could be declared final","Code Style","LocalVariableCouldBeFinal"
"127","services","src\services\AdminService.java","3","635","Specify a character set instead of relying on the default charset","Best Practices","RelianceOnDefaultCharset"
"128","services","src\services\AdminService.java","2","647","Usage of System.out/err","Best Practices","SystemPrintln"
"129","services","src\services\AdminService.java","2","660","Usage of System.out/err","Best Practices","SystemPrintln"
"130","services","src\services\AdminService.java","2","670","Usage of System.out/err","Best Practices","SystemPrintln"
"131","services","src\services\AdminService.java","2","683","Usage of System.out/err","Best Practices","SystemPrintln"
"132","services","src\services\AdminService.java","3","697","Fields should be declared at the top of the class, before any method declarations, constructors, initializers or inner classes.","Code Style","FieldDeclarationsShouldBeAtStartOfClass"
"133","services","src\services\AdminService.java","3","701","Ensure that resources like this Scanner object are closed after use","Error Prone","CloseResource"
"134","services","src\services\AdminService.java","3","701","Local variable 'input' could be declared final","Code Style","LocalVariableCouldBeFinal"
"135","services","src\services\AdminService.java","3","701","Specify a character set instead of relying on the default charset","Best Practices","RelianceOnDefaultCharset"
"136","services","src\services\AdminService.java","2","714","Usage of System.out/err","Best Practices","SystemPrintln"
"137","services","src\services\AdminService.java","2","723","Usage of System.out/err","Best Practices","SystemPrintln"
"138","services","src\services\AdminService.java","2","731","Usage of System.out/err","Best Practices","SystemPrintln"
"1","services","src\services\AuthService.java","4","7","Unused import 'java.util.InputMismatchException'","Code Style","UnnecessaryImport"
"2","services","src\services\AuthService.java","4","9","Unused import 'java.io.FileNotFoundException'","Code Style","UnnecessaryImport"
"3","services","src\services\AuthService.java","3","40","Ensure that resources like this Scanner object are closed after use","Error Prone","CloseResource"
"4","services","src\services\AuthService.java","3","40","Local variable 'input' could be declared final","Code Style","LocalVariableCouldBeFinal"
"5","services","src\services\AuthService.java","3","40","Specify a character set instead of relying on the default charset","Best Practices","RelianceOnDefaultCharset"
"6","services","src\services\AuthService.java","2","43","Usage of System.out/err","Best Practices","SystemPrintln"
"7","services","src\services\AuthService.java","3","44","Local variable 'enteredId' could be declared final","Code Style","LocalVariableCouldBeFinal"
"8","services","src\services\AuthService.java","2","47","Usage of System.out/err","Best Practices","SystemPrintln"
"9","services","src\services\AuthService.java","3","48","Local variable 'enteredPassword' could be declared final","Code Style","LocalVariableCouldBeFinal"
"10","services","src\services\AuthService.java","3","51","Local variable 'hashedPassword' could be declared final","Code Style","LocalVariableCouldBeFinal"
"11","services","src\services\AuthService.java","3","56","Avoid variables with short names like br","Code Style","ShortVariable"
"12","services","src\services\AuthService.java","3","56","Ensure that resources like this BufferedReader object are closed after use","Error Prone","CloseResource"
"13","services","src\services\AuthService.java","3","56","Local variable 'br' could be declared final","Code Style","LocalVariableCouldBeFinal"
"14","services","src\services\AuthService.java","3","58","Specify a character set instead of relying on the default charset","Best Practices","RelianceOnDefaultCharset"
"15","services","src\services\AuthService.java","3","58","The String literal 'data/users.txt' appears 4 times in this file; the first occurrence is on line 58","Error Prone","AvoidDuplicateLiterals"
"16","services","src\services\AuthService.java","3","64","Local variable 'updatedFile' could be declared final","Code Style","LocalVariableCouldBeFinal"
"17","services","src\services\AuthService.java","3","65","The initializer for variable 'failedAttempts' is never used (overwritten on line 88)","Best Practices","UnusedAssignment"
"18","services","src\services\AuthService.java","3","68","Avoid assignment to line in operand","Error Prone","AssignmentInOperand"
"19","services","src\services\AuthService.java","3","71","Local variable 'data' could be declared final","Code Style","LocalVariableCouldBeFinal"
"20","services","src\services\AuthService.java","3","73","Avoid using literals such as 7 in if statements","Error Prone","AvoidLiteralsInIfCondition"
"21","services","src\services\AuthService.java","3","80","Local variable 'storedId' could be declared final","Code Style","LocalVariableCouldBeFinal"
"22","services","src\services\AuthService.java","3","83","Avoid excessively long variable names like storedPasswordHash","Code Style","LongVariable"
"23","services","src\services\AuthService.java","3","83","Local variable 'storedPasswordHash' could be declared final","Code Style","LocalVariableCouldBeFinal"
"24","services","src\services\AuthService.java","3","85","Local variable 'locked' could be declared final","Code Style","LocalVariableCouldBeFinal"
"25","services","src\services\AuthService.java","2","101","Usage of System.out/err","Best Practices","SystemPrintln"
"26","services","src\services\AuthService.java","2","105","Usage of System.out/err","Best Practices","SystemPrintln"
"27","services","src\services\AuthService.java","2","120","Usage of System.out/err","Best Practices","SystemPrintln"
"28","services","src\services\AuthService.java","2","136","Usage of System.out/err","Best Practices","SystemPrintln"
"29","services","src\services\AuthService.java","2","167","Usage of System.out/err","Best Practices","SystemPrintln"
"30","services","src\services\AuthService.java","3","189","Avoid variables with short names like fw","Code Style","ShortVariable"
"31","services","src\services\AuthService.java","3","189","Ensure that resources like this FileWriter object are closed after use","Error Prone","CloseResource"
"32","services","src\services\AuthService.java","3","189","Local variable 'fw' could be declared final","Code Style","LocalVariableCouldBeFinal"
"33","services","src\services\AuthService.java","3","190","Specify a character set instead of relying on the default charset","Best Practices","RelianceOnDefaultCharset"
"34","services","src\services\AuthService.java","2","208","Usage of System.out/err","Best Practices","SystemPrintln"
"35","services","src\services\AuthService.java","3","223","Ensure that resources like this Scanner object are closed after use","Error Prone","CloseResource"
"36","services","src\services\AuthService.java","3","223","Local variable 'input' could be declared final","Code Style","LocalVariableCouldBeFinal"
"37","services","src\services\AuthService.java","3","223","Specify a character set instead of relying on the default charset","Best Practices","RelianceOnDefaultCharset"
"38","services","src\services\AuthService.java","2","225","Usage of System.out/err","Best Practices","SystemPrintln"
"39","services","src\services\AuthService.java","3","226","Local variable 'name' could be declared final","Code Style","LocalVariableCouldBeFinal"
"40","services","src\services\AuthService.java","2","228","Usage of System.out/err","Best Practices","SystemPrintln"
"41","services","src\services\AuthService.java","3","229","Avoid variables with short names like id","Code Style","ShortVariable"
"42","services","src\services\AuthService.java","3","229","Local variable 'id' could be declared final","Code Style","LocalVariableCouldBeFinal"
"43","services","src\services\AuthService.java","2","231","Usage of System.out/err","Best Practices","SystemPrintln"
"44","services","src\services\AuthService.java","3","232","Local variable 'phone' could be declared final","Code Style","LocalVariableCouldBeFinal"
"45","services","src\services\AuthService.java","2","234","Usage of System.out/err","Best Practices","SystemPrintln"
"46","services","src\services\AuthService.java","2","239","Usage of System.out/err","Best Practices","SystemPrintln"
"47","services","src\services\AuthService.java","2","240","Usage of System.out/err","Best Practices","SystemPrintln"
"48","services","src\services\AuthService.java","3","245","Local variable 'hashedPassword' could be declared final","Code Style","LocalVariableCouldBeFinal"
"49","services","src\services\AuthService.java","3","250","Avoid variables with short names like br","Code Style","ShortVariable"
"50","services","src\services\AuthService.java","3","250","Ensure that resources like this BufferedReader object are closed after use","Error Prone","CloseResource"
"51","services","src\services\AuthService.java","3","250","Local variable 'br' could be declared final","Code Style","LocalVariableCouldBeFinal"
"52","services","src\services\AuthService.java","3","250","Specify a character set instead of relying on the default charset","Best Practices","RelianceOnDefaultCharset"
"53","services","src\services\AuthService.java","3","252","Avoid assignment to line in operand","Error Prone","AssignmentInOperand"
"54","services","src\services\AuthService.java","3","254","Local variable 'data' could be declared final","Code Style","LocalVariableCouldBeFinal"
"55","services","src\services\AuthService.java","3","256","Avoid using literals such as 7 in if statements","Error Prone","AvoidLiteralsInIfCondition"
"56","services","src\services\AuthService.java","3","262","Local variable 'storedId' could be declared final","Code Style","LocalVariableCouldBeFinal"
"57","services","src\services\AuthService.java","2","266","Usage of System.out/err","Best Practices","SystemPrintln"
"58","services","src\services\AuthService.java","3","278","Avoid variables with short names like fw","Code Style","ShortVariable"
"59","services","src\services\AuthService.java","3","278","Ensure that resources like this FileWriter object are closed after use","Error Prone","CloseResource"
"60","services","src\services\AuthService.java","3","278","Local variable 'fw' could be declared final","Code Style","LocalVariableCouldBeFinal"
"61","services","src\services\AuthService.java","3","278","Specify a character set instead of relying on the default charset","Best Practices","RelianceOnDefaultCharset"
"62","services","src\services\AuthService.java","2","285","Usage of System.out/err","Best Practices","SystemPrintln"
"63","services","src\services\AuthService.java","2","296","Usage of System.out/err","Best Practices","SystemPrintln"
"64","services","src\services\AuthService.java","2","305","Usage of System.out/err","Best Practices","SystemPrintln"
"65","services","src\services\AuthService.java","3","315","Parameter 'enteredId' is not assigned and could be declared final","Code Style","MethodArgumentCouldBeFinal"
"66","services","src\services\AuthService.java","3","316","Parameter 'enteredPassword' is not assigned and could be declared final","Code Style","MethodArgumentCouldBeFinal"
"67","services","src\services\AuthService.java","3","317","Parameter 'storedId' is not assigned and could be declared final","Code Style","MethodArgumentCouldBeFinal"
"68","services","src\services\AuthService.java","3","318","Avoid excessively long variable names like storedPasswordHash","Code Style","LongVariable"
"69","services","src\services\AuthService.java","3","318","Parameter 'storedPasswordHash' is not assigned and could be declared final","Code Style","MethodArgumentCouldBeFinal"
"70","services","src\services\AuthService.java","3","321","Local variable 'hashedPassword' could be declared final","Code Style","LocalVariableCouldBeFinal"
"1","services","src\services\FileService.java","3","17","Avoid variables with short names like br","Code Style","ShortVariable"
"2","services","src\services\FileService.java","3","17","Ensure that resources like this BufferedReader object are closed after use","Error Prone","CloseResource"
"3","services","src\services\FileService.java","3","17","Local variable 'br' could be declared final","Code Style","LocalVariableCouldBeFinal"
"4","services","src\services\FileService.java","3","19","Specify a character set instead of relying on the default charset","Best Practices","RelianceOnDefaultCharset"
"5","services","src\services\FileService.java","3","25","Avoid assignment to line in operand","Error Prone","AssignmentInOperand"
"6","services","src\services\FileService.java","2","26","Usage of System.out/err","Best Practices","SystemPrintln"
"1","services","src\services\PasswordPolicyService.java","3","8","Missing commented default access modifier on field 'minLength'","Code Style","CommentDefaultAccessModifier"
"2","services","src\services\PasswordPolicyService.java","3","9","Missing commented default access modifier on field 'minUppercase'","Code Style","CommentDefaultAccessModifier"
"3","services","src\services\PasswordPolicyService.java","3","10","Missing commented default access modifier on field 'minLowercase'","Code Style","CommentDefaultAccessModifier"
"4","services","src\services\PasswordPolicyService.java","3","11","Missing commented default access modifier on field 'minDigits'","Code Style","CommentDefaultAccessModifier"
"5","services","src\services\PasswordPolicyService.java","3","12","Missing commented default access modifier on field 'minSpecial'","Code Style","CommentDefaultAccessModifier"
"6","services","src\services\PasswordPolicyService.java","3","15","Parameter 'password' is not assigned and could be declared final","Code Style","MethodArgumentCouldBeFinal"
"7","services","src\services\PasswordPolicyService.java","3","20","A method should have only one exit point, and that should be the last statement in the method","Code Style","OnlyOneReturn"
"8","services","src\services\PasswordPolicyService.java","3","30","Local variable 'c' could be declared final","Code Style","LocalVariableCouldBeFinal"
"9","services","src\services\PasswordPolicyService.java","3","72","Ensure that resources like this Scanner object are closed after use","Error Prone","CloseResource"
"10","services","src\services\PasswordPolicyService.java","3","72","Local variable 'input' could be declared final","Code Style","LocalVariableCouldBeFinal"
"11","services","src\services\PasswordPolicyService.java","3","72","Specify a character set instead of relying on the default charset","Best Practices","RelianceOnDefaultCharset"
"12","services","src\services\PasswordPolicyService.java","2","76","Usage of System.out/err","Best Practices","SystemPrintln"
"13","services","src\services\PasswordPolicyService.java","2","83","Usage of System.out/err","Best Practices","SystemPrintln"
"14","services","src\services\PasswordPolicyService.java","2","90","Usage of System.out/err","Best Practices","SystemPrintln"
"15","services","src\services\PasswordPolicyService.java","2","97","Usage of System.out/err","Best Practices","SystemPrintln"
"16","services","src\services\PasswordPolicyService.java","2","104","Usage of System.out/err","Best Practices","SystemPrintln"
"17","services","src\services\PasswordPolicyService.java","2","113","Usage of System.out/err","Best Practices","SystemPrintln"
"18","services","src\services\PasswordPolicyService.java","2","121","Usage of System.out/err","Best Practices","SystemPrintln"
"1","services","src\services\ProfileService.java","3","18","Avoid variables with short names like br","Code Style","ShortVariable"
"2","services","src\services\ProfileService.java","3","18","Ensure that resources like this BufferedReader object are closed after use","Error Prone","CloseResource"
"3","services","src\services\ProfileService.java","3","18","Local variable 'br' could be declared final","Code Style","LocalVariableCouldBeFinal"
"4","services","src\services\ProfileService.java","3","18","Specify a character set instead of relying on the default charset","Best Practices","RelianceOnDefaultCharset"
"5","services","src\services\ProfileService.java","3","25","Avoid assignment to line in operand","Error Prone","AssignmentInOperand"
"6","services","src\services\ProfileService.java","3","27","Local variable 'data' could be declared final","Code Style","LocalVariableCouldBeFinal"
"7","services","src\services\ProfileService.java","3","30","Avoid using literals such as 7 in if statements","Error Prone","AvoidLiteralsInIfCondition"
"8","services","src\services\ProfileService.java","3","36","Local variable 'storedId' could be declared final","Code Style","LocalVariableCouldBeFinal"
"9","services","src\services\ProfileService.java","2","43","Usage of System.out/err","Best Practices","SystemPrintln"
"10","services","src\services\ProfileService.java","2","45","Usage of System.out/err","Best Practices","SystemPrintln"
"11","services","src\services\ProfileService.java","2","47","Usage of System.out/err","Best Practices","SystemPrintln"
"12","services","src\services\ProfileService.java","2","49","Usage of System.out/err","Best Practices","SystemPrintln"
"13","services","src\services\ProfileService.java","2","51","Usage of System.out/err","Best Practices","SystemPrintln"
"14","services","src\services\ProfileService.java","2","66","Usage of System.out/err","Best Practices","SystemPrintln"
"15","services","src\services\ProfileService.java","2","74","Usage of System.out/err","Best Practices","SystemPrintln"
"16","services","src\services\ProfileService.java","2","82","Usage of System.out/err","Best Practices","SystemPrintln"
"17","services","src\services\ProfileService.java","3","94","Ensure that resources like this Scanner object are closed after use","Error Prone","CloseResource"
"18","services","src\services\ProfileService.java","3","94","Local variable 'input' could be declared final","Code Style","LocalVariableCouldBeFinal"
"19","services","src\services\ProfileService.java","3","94","Specify a character set instead of relying on the default charset","Best Practices","RelianceOnDefaultCharset"
"20","services","src\services\ProfileService.java","2","96","Usage of System.out/err","Best Practices","SystemPrintln"
"21","services","src\services\ProfileService.java","2","98","Usage of System.out/err","Best Practices","SystemPrintln"
"22","services","src\services\ProfileService.java","2","99","Usage of System.out/err","Best Practices","SystemPrintln"
"23","services","src\services\ProfileService.java","2","100","Usage of System.out/err","Best Practices","SystemPrintln"
"24","services","src\services\ProfileService.java","2","102","Usage of System.out/err","Best Practices","SystemPrintln"
"25","services","src\services\ProfileService.java","3","104","Local variable 'choice' could be declared final","Code Style","LocalVariableCouldBeFinal"
"26","services","src\services\ProfileService.java","2","118","Usage of System.out/err","Best Practices","SystemPrintln"
"27","services","src\services\ProfileService.java","2","126","Usage of System.out/err","Best Practices","SystemPrintln"
"28","services","src\services\ProfileService.java","2","134","Usage of System.out/err","Best Practices","SystemPrintln"
"29","services","src\services\ProfileService.java","2","138","Usage of System.out/err","Best Practices","SystemPrintln"
"30","services","src\services\ProfileService.java","2","146","Usage of System.out/err","Best Practices","SystemPrintln"
"31","services","src\services\ProfileService.java","3","154","Avoid variables with short names like br","Code Style","ShortVariable"
"32","services","src\services\ProfileService.java","3","154","Ensure that resources like this BufferedReader object are closed after use","Error Prone","CloseResource"
"33","services","src\services\ProfileService.java","3","154","Local variable 'br' could be declared final","Code Style","LocalVariableCouldBeFinal"
"34","services","src\services\ProfileService.java","3","156","Specify a character set instead of relying on the default charset","Best Practices","RelianceOnDefaultCharset"
"35","services","src\services\ProfileService.java","3","161","Local variable 'updatedFile' could be declared final","Code Style","LocalVariableCouldBeFinal"
"36","services","src\services\ProfileService.java","3","169","Avoid assignment to line in operand","Error Prone","AssignmentInOperand"
"37","services","src\services\ProfileService.java","3","171","Local variable 'data' could be declared final","Code Style","LocalVariableCouldBeFinal"
"38","services","src\services\ProfileService.java","3","174","Avoid using literals such as 7 in if statements","Error Prone","AvoidLiteralsInIfCondition"
"39","services","src\services\ProfileService.java","3","180","Local variable 'storedId' could be declared final","Code Style","LocalVariableCouldBeFinal"
"40","services","src\services\ProfileService.java","3","211","Avoid variables with short names like fw","Code Style","ShortVariable"
"41","services","src\services\ProfileService.java","3","211","Ensure that resources like this FileWriter object are closed after use","Error Prone","CloseResource"
"42","services","src\services\ProfileService.java","3","211","Local variable 'fw' could be declared final","Code Style","LocalVariableCouldBeFinal"
"43","services","src\services\ProfileService.java","3","211","Specify a character set instead of relying on the default charset","Best Practices","RelianceOnDefaultCharset"
"44","services","src\services\ProfileService.java","2","218","Usage of System.out/err","Best Practices","SystemPrintln"
"45","services","src\services\ProfileService.java","2","224","Usage of System.out/err","Best Practices","SystemPrintln"
"46","services","src\services\ProfileService.java","2","231","Usage of System.out/err","Best Practices","SystemPrintln"
"47","services","src\services\ProfileService.java","2","237","Usage of System.out/err","Best Practices","SystemPrintln"
"1","services","src\services\ShipmentService.java","4","10","Unnecessary import from the current package 'services.AuthService'","Code Style","UnnecessaryImport"
"2","services","src\services\ShipmentService.java","3","23","Ensure that resources like this Scanner object are closed after use","Error Prone","CloseResource"
"3","services","src\services\ShipmentService.java","3","23","Local variable 'input' could be declared final","Code Style","LocalVariableCouldBeFinal"
"4","services","src\services\ShipmentService.java","3","23","Specify a character set instead of relying on the default charset","Best Practices","RelianceOnDefaultCharset"
"5","services","src\services\ShipmentService.java","2","25","Usage of System.out/err","Best Practices","SystemPrintln"
"6","services","src\services\ShipmentService.java","3","25","The String literal 'Enter Shipment ID: ' appears 4 times in this file; the first occurrence is on line 25","Error Prone","AvoidDuplicateLiterals"
"7","services","src\services\ShipmentService.java","3","26","Local variable 'shipmentId' could be declared final","Code Style","LocalVariableCouldBeFinal"
"8","services","src\services\ShipmentService.java","3","29","Local variable 'customerId' could be declared final","Code Style","LocalVariableCouldBeFinal"
"9","services","src\services\ShipmentService.java","2","32","Usage of System.out/err","Best Practices","SystemPrintln"
"10","services","src\services\ShipmentService.java","3","33","Local variable 'source' could be declared final","Code Style","LocalVariableCouldBeFinal"
"11","services","src\services\ShipmentService.java","2","35","Usage of System.out/err","Best Practices","SystemPrintln"
"12","services","src\services\ShipmentService.java","3","36","Local variable 'destination' could be declared final","Code Style","LocalVariableCouldBeFinal"
"13","services","src\services\ShipmentService.java","3","47","Avoid variables with short names like fw","Code Style","ShortVariable"
"14","services","src\services\ShipmentService.java","3","47","Ensure that resources like this FileWriter object are closed after use","Error Prone","CloseResource"
"15","services","src\services\ShipmentService.java","3","47","Local variable 'fw' could be declared final","Code Style","LocalVariableCouldBeFinal"
"16","services","src\services\ShipmentService.java","3","48","Specify a character set instead of relying on the default charset","Best Practices","RelianceOnDefaultCharset"
"17","services","src\services\ShipmentService.java","3","48","The String literal 'data/shipments.txt' appears 7 times in this file; the first occurrence is on line 48","Error Prone","AvoidDuplicateLiterals"
"18","services","src\services\ShipmentService.java","2","55","Usage of System.out/err","Best Practices","SystemPrintln"
"19","services","src\services\ShipmentService.java","2","64","Usage of System.out/err","Best Practices","SystemPrintln"
"20","services","src\services\ShipmentService.java","2","73","Usage of System.out/err","Best Practices","SystemPrintln"
"21","services","src\services\ShipmentService.java","3","85","Ensure that resources like this Scanner object are closed after use","Error Prone","CloseResource"
"22","services","src\services\ShipmentService.java","3","85","Local variable 'input' could be declared final","Code Style","LocalVariableCouldBeFinal"
"23","services","src\services\ShipmentService.java","3","85","Specify a character set instead of relying on the default charset","Best Practices","RelianceOnDefaultCharset"
"24","services","src\services\ShipmentService.java","2","87","Usage of System.out/err","Best Practices","SystemPrintln"
"25","services","src\services\ShipmentService.java","3","89","Local variable 'shipmentId' could be declared final","Code Style","LocalVariableCouldBeFinal"
"26","services","src\services\ShipmentService.java","3","93","Avoid variables with short names like br","Code Style","ShortVariable"
"27","services","src\services\ShipmentService.java","3","93","Ensure that resources like this BufferedReader object are closed after use","Error Prone","CloseResource"
"28","services","src\services\ShipmentService.java","3","93","Local variable 'br' could be declared final","Code Style","LocalVariableCouldBeFinal"
"29","services","src\services\ShipmentService.java","3","93","Specify a character set instead of relying on the default charset","Best Practices","RelianceOnDefaultCharset"
"30","services","src\services\ShipmentService.java","3","100","Avoid assignment to line in operand","Error Prone","AssignmentInOperand"
"31","services","src\services\ShipmentService.java","3","102","Local variable 'data' could be declared final","Code Style","LocalVariableCouldBeFinal"
"32","services","src\services\ShipmentService.java","3","105","Avoid using literals such as 6 in if statements","Error Prone","AvoidLiteralsInIfCondition"
"33","services","src\services\ShipmentService.java","3","111","Local variable 'storedShipmentId' could be declared final","Code Style","LocalVariableCouldBeFinal"
"34","services","src\services\ShipmentService.java","3","114","Local variable 'status' could be declared final","Code Style","LocalVariableCouldBeFinal"
"35","services","src\services\ShipmentService.java","2","122","Usage of System.out/err","Best Practices","SystemPrintln"
"36","services","src\services\ShipmentService.java","2","137","Usage of System.out/err","Best Practices","SystemPrintln"
"37","services","src\services\ShipmentService.java","2","145","Usage of System.out/err","Best Practices","SystemPrintln"
"38","services","src\services\ShipmentService.java","3","145","The String literal 'Shipment file not found.' appears 4 times in this file; the first occurrence is on line 145","Error Prone","AvoidDuplicateLiterals"
"39","services","src\services\ShipmentService.java","3","147","The String literal 'Shipment file missing' appears 4 times in this file; the first occurrence is on line 147","Error Prone","AvoidDuplicateLiterals"
"40","services","src\services\ShipmentService.java","2","153","Usage of System.out/err","Best Practices","SystemPrintln"
"41","services","src\services\ShipmentService.java","3","166","Ensure that resources like this Scanner object are closed after use","Error Prone","CloseResource"
"42","services","src\services\ShipmentService.java","3","166","Local variable 'input' could be declared final","Code Style","LocalVariableCouldBeFinal"
"43","services","src\services\ShipmentService.java","3","166","Specify a character set instead of relying on the default charset","Best Practices","RelianceOnDefaultCharset"
"44","services","src\services\ShipmentService.java","2","168","Usage of System.out/err","Best Practices","SystemPrintln"
"45","services","src\services\ShipmentService.java","3","170","Local variable 'shipmentId' could be declared final","Code Style","LocalVariableCouldBeFinal"
"46","services","src\services\ShipmentService.java","2","172","Usage of System.out/err","Best Practices","SystemPrintln"
"47","services","src\services\ShipmentService.java","3","174","Local variable 'driverId' could be declared final","Code Style","LocalVariableCouldBeFinal"
"48","services","src\services\ShipmentService.java","2","176","Usage of System.out/err","Best Practices","SystemPrintln"
"49","services","src\services\ShipmentService.java","2","178","Usage of System.out/err","Best Practices","SystemPrintln"
"50","services","src\services\ShipmentService.java","2","179","Usage of System.out/err","Best Practices","SystemPrintln"
"51","services","src\services\ShipmentService.java","2","180","Usage of System.out/err","Best Practices","SystemPrintln"
"52","services","src\services\ShipmentService.java","2","182","Usage of System.out/err","Best Practices","SystemPrintln"
"53","services","src\services\ShipmentService.java","3","184","Local variable 'statusChoice' could be declared final","Code Style","LocalVariableCouldBeFinal"
"54","services","src\services\ShipmentService.java","3","219","Avoid variables with short names like br","Code Style","ShortVariable"
"55","services","src\services\ShipmentService.java","3","219","Ensure that resources like this BufferedReader object are closed after use","Error Prone","CloseResource"
"56","services","src\services\ShipmentService.java","3","219","Local variable 'br' could be declared final","Code Style","LocalVariableCouldBeFinal"
"57","services","src\services\ShipmentService.java","3","219","Specify a character set instead of relying on the default charset","Best Practices","RelianceOnDefaultCharset"
"58","services","src\services\ShipmentService.java","3","221","Local variable 'updatedFile' could be declared final","Code Style","LocalVariableCouldBeFinal"
"59","services","src\services\ShipmentService.java","3","228","Avoid assignment to line in operand","Error Prone","AssignmentInOperand"
"60","services","src\services\ShipmentService.java","3","230","Local variable 'data' could be declared final","Code Style","LocalVariableCouldBeFinal"
"61","services","src\services\ShipmentService.java","3","233","Avoid using literals such as 6 in if statements","Error Prone","AvoidLiteralsInIfCondition"
"62","services","src\services\ShipmentService.java","3","260","Avoid variables with short names like fw","Code Style","ShortVariable"
"63","services","src\services\ShipmentService.java","3","260","Ensure that resources like this FileWriter object are closed after use","Error Prone","CloseResource"
"64","services","src\services\ShipmentService.java","3","260","Local variable 'fw' could be declared final","Code Style","LocalVariableCouldBeFinal"
"65","services","src\services\ShipmentService.java","3","260","Specify a character set instead of relying on the default charset","Best Practices","RelianceOnDefaultCharset"
"66","services","src\services\ShipmentService.java","2","268","Usage of System.out/err","Best Practices","SystemPrintln"
"67","services","src\services\ShipmentService.java","2","283","Usage of System.out/err","Best Practices","SystemPrintln"
"68","services","src\services\ShipmentService.java","2","291","Usage of System.out/err","Best Practices","SystemPrintln"
"69","services","src\services\ShipmentService.java","2","299","Usage of System.out/err","Best Practices","SystemPrintln"
"70","services","src\services\ShipmentService.java","2","307","Usage of System.out/err","Best Practices","SystemPrintln"
"71","services","src\services\ShipmentService.java","3","320","Avoid variables with short names like br","Code Style","ShortVariable"
"72","services","src\services\ShipmentService.java","3","320","Ensure that resources like this BufferedReader object are closed after use","Error Prone","CloseResource"
"73","services","src\services\ShipmentService.java","3","320","Local variable 'br' could be declared final","Code Style","LocalVariableCouldBeFinal"
"74","services","src\services\ShipmentService.java","3","322","Specify a character set instead of relying on the default charset","Best Practices","RelianceOnDefaultCharset"
"75","services","src\services\ShipmentService.java","2","331","Usage of System.out/err","Best Practices","SystemPrintln"
"76","services","src\services\ShipmentService.java","3","336","Avoid assignment to line in operand","Error Prone","AssignmentInOperand"
"77","services","src\services\ShipmentService.java","3","338","Local variable 'data' could be declared final","Code Style","LocalVariableCouldBeFinal"
"78","services","src\services\ShipmentService.java","3","341","Avoid using literals such as 6 in if statements","Error Prone","AvoidLiteralsInIfCondition"
"79","services","src\services\ShipmentService.java","2","354","Usage of System.out/err","Best Practices","SystemPrintln"
"80","services","src\services\ShipmentService.java","2","359","Usage of System.out/err","Best Practices","SystemPrintln"
"81","services","src\services\ShipmentService.java","2","364","Usage of System.out/err","Best Practices","SystemPrintln"
"82","services","src\services\ShipmentService.java","2","369","Usage of System.out/err","Best Practices","SystemPrintln"
"83","services","src\services\ShipmentService.java","2","374","Usage of System.out/err","Best Practices","SystemPrintln"
"84","services","src\services\ShipmentService.java","2","387","Usage of System.out/err","Best Practices","SystemPrintln"
"85","services","src\services\ShipmentService.java","2","397","Usage of System.out/err","Best Practices","SystemPrintln"
"86","services","src\services\ShipmentService.java","2","410","Usage of System.out/err","Best Practices","SystemPrintln"
"87","services","src\services\ShipmentService.java","3","428","Ensure that resources like this Scanner object are closed after use","Error Prone","CloseResource"
"88","services","src\services\ShipmentService.java","3","428","Local variable 'input' could be declared final","Code Style","LocalVariableCouldBeFinal"
"89","services","src\services\ShipmentService.java","3","428","Specify a character set instead of relying on the default charset","Best Practices","RelianceOnDefaultCharset"
"90","services","src\services\ShipmentService.java","2","430","Usage of System.out/err","Best Practices","SystemPrintln"
"91","services","src\services\ShipmentService.java","3","432","Local variable 'shipmentId' could be declared final","Code Style","LocalVariableCouldBeFinal"
"92","services","src\services\ShipmentService.java","2","435","Usage of System.out/err","Best Practices","SystemPrintln"
"93","services","src\services\ShipmentService.java","2","437","Usage of System.out/err","Best Practices","SystemPrintln"
"94","services","src\services\ShipmentService.java","2","438","Usage of System.out/err","Best Practices","SystemPrintln"
"95","services","src\services\ShipmentService.java","2","439","Usage of System.out/err","Best Practices","SystemPrintln"
"96","services","src\services\ShipmentService.java","2","441","Usage of System.out/err","Best Practices","SystemPrintln"
"97","services","src\services\ShipmentService.java","3","443","Local variable 'choice' could be declared final","Code Style","LocalVariableCouldBeFinal"
"98","services","src\services\ShipmentService.java","3","481","Avoid variables with short names like br","Code Style","ShortVariable"
"99","services","src\services\ShipmentService.java","3","481","Ensure that resources like this BufferedReader object are closed after use","Error Prone","CloseResource"
"100","services","src\services\ShipmentService.java","3","481","Local variable 'br' could be declared final","Code Style","LocalVariableCouldBeFinal"
"101","services","src\services\ShipmentService.java","3","483","Specify a character set instead of relying on the default charset","Best Practices","RelianceOnDefaultCharset"
"102","services","src\services\ShipmentService.java","3","488","Local variable 'updatedFile' could be declared final","Code Style","LocalVariableCouldBeFinal"
"103","services","src\services\ShipmentService.java","3","496","Avoid assignment to line in operand","Error Prone","AssignmentInOperand"
"104","services","src\services\ShipmentService.java","3","498","Local variable 'data' could be declared final","Code Style","LocalVariableCouldBeFinal"
"105","services","src\services\ShipmentService.java","3","501","Avoid using literals such as 6 in if statements","Error Prone","AvoidLiteralsInIfCondition"
"106","services","src\services\ShipmentService.java","3","527","Avoid variables with short names like fw","Code Style","ShortVariable"
"107","services","src\services\ShipmentService.java","3","527","Ensure that resources like this FileWriter object are closed after use","Error Prone","CloseResource"
"108","services","src\services\ShipmentService.java","3","527","Local variable 'fw' could be declared final","Code Style","LocalVariableCouldBeFinal"
"109","services","src\services\ShipmentService.java","3","528","Specify a character set instead of relying on the default charset","Best Practices","RelianceOnDefaultCharset"
"110","services","src\services\ShipmentService.java","2","540","Usage of System.out/err","Best Practices","SystemPrintln"
"111","services","src\services\ShipmentService.java","2","555","Usage of System.out/err","Best Practices","SystemPrintln"
"112","services","src\services\ShipmentService.java","2","565","Usage of System.out/err","Best Practices","SystemPrintln"
"113","services","src\services\ShipmentService.java","2","578","Usage of System.out/err","Best Practices","SystemPrintln"
"114","services","src\services\ShipmentService.java","2","591","Usage of System.out/err","Best Practices","SystemPrintln"
"115","services","src\services\ShipmentService.java","3","606","Parameter 'shipmentId' is not assigned and could be declared final","Code Style","MethodArgumentCouldBeFinal"
"116","services","src\services\ShipmentService.java","3","607","Parameter 'customerId' is not assigned and could be declared final","Code Style","MethodArgumentCouldBeFinal"
"117","services","src\services\ShipmentService.java","3","608","Parameter 'source' is not assigned and could be declared final","Code Style","MethodArgumentCouldBeFinal"
"118","services","src\services\ShipmentService.java","3","609","Parameter 'destination' is not assigned and could be declared final","Code Style","MethodArgumentCouldBeFinal"
"119","services","src\services\ShipmentService.java","3","617","A method should have only one exit point, and that should be the last statement in the method","Code Style","OnlyOneReturn"
"1","utils","src\utils\Constants.java","3","3","Each class should declare at least one constructor","Code Style","AtLeastOneConstructor"
